timestamp,time_string,cf
1762491698.032,2025-11-07 05:01:38,0.0094166435
1762492478.033,2025-11-07 05:14:38,0.009222795
1762493258.033,2025-11-07 05:27:38,0.0076961145
1762494038.028,2025-11-07 05:40:38,0.0072268373
1762494818.026,2025-11-07 05:53:38,0.007557067
1762495598.028,2025-11-07 06:06:38,0.0066679968
1762496378.032,2025-11-07 06:19:38,0.0067287185
1762497158.034,2025-11-07 06:32:38,0.007485509
1762497938.032,2025-11-07 06:45:38,0.028614782
1762498718.032,2025-11-07 06:58:38,0.021172345
1762499498.032,2025-11-07 07:11:38,0.009162803
1762500278.03,2025-11-07 07:24:38,0.014459717
1762501058.03,2025-11-07 07:37:38,0.015750509
1762501838.029,2025-11-07 07:50:38,0.0147462
1762502618.029,2025-11-07 08:03:38,0.014941824
1762503398.03,2025-11-07 08:16:38,0.014368749
1762504178.029,2025-11-07 08:29:38,nan
1762504958.03,2025-11-07 08:42:38,nan
1762505738.031,2025-11-07 08:55:38,0.014461081
1762506518.032,2025-11-07 09:08:38,0.014184857
1762507298.033,2025-11-07 09:21:38,0.014337259
1762508078.031,2025-11-07 09:34:38,0.015449543
1762508858.029,2025-11-07 09:47:38,0.016564658
1762509638.029,2025-11-07 10:00:38,0.015648521
1762510418.031,2025-11-07 10:13:38,0.015360009
1762511198.031,2025-11-07 10:26:38,0.015369207
1762511978.028,2025-11-07 10:39:38,0.015492817
1762512758.025,2025-11-07 10:52:38,0.015182781
1762491698.032,2025-11-07 05:01:38,0.0094166435
1762492478.033,2025-11-07 05:14:38,0.009222795
1762493258.033,2025-11-07 05:27:38,0.0076961145
1762494038.028,2025-11-07 05:40:38,0.0072268373
1762494818.026,2025-11-07 05:53:38,0.007557067
1762495598.028,2025-11-07 06:06:38,0.0066679968
